year,biasmo1,hate_crimes,merge_year,YEAR,Population,hate_crimes_per_100000
1992,11,1349,1990,1990,248107628,0.5437156490811318
1992,12,2312,1990,1990,248107628,0.9318536550597307
1992,13,26,1990,1990,248107628,0.010479323110533303
1992,14,222,1990,1990,248107628,0.08947729732839975
1992,15,145,1990,1990,248107628,0.05844237888566651
1992,21,1020,1990,1990,248107628,0.4111119066439989
1992,22,18,1990,1990,248107628,0.00725491599959998
1992,23,28,1990,1990,248107628,0.011285424888266634
1992,24,15,1990,1990,248107628,0.0060457633329999835
1992,25,69,1990,1990,248107628,0.027810511331799924
1992,26,14,1990,1990,248107628,0.005642712444133317
1992,27,1,1990,1990,248107628,4.0305088886666556e-4
1992,32,371,1990,1990,248107628,0.14953187976953292
1992,33,301,1990,1990,248107628,0.12131831754886634
1992,41,561,1990,1990,248107628,0.22611154865419938
1992,42,93,1990,1990,248107628,0.037483732664599895
1992,43,100,1990,1990,248107628,0.040305088886666555
1992,44,14,1990,1990,248107628,0.005642712444133317
1992,45,3,1990,1990,248107628,0.0012091526665999966
1993,11,1479,1990,1990,248107628,0.5961122646337984
1993,12,2821,1990,1990,248107628,1.1370065574928634
1993,13,28,1990,1990,248107628,0.011285424888266634
1993,14,260,1990,1990,248107628,0.10479323110533305
1993,15,162,1990,1990,248107628,0.06529424399639981
1993,21,1141,1990,1990,248107628,0.4598810641968654
1993,22,32,1990,1990,248107628,0.012897628443733298
1993,23,30,1990,1990,248107628,0.012091526665999967
1993,24,13,1990,1990,248107628,0.005239661555266652
1993,25,64,1990,1990,248107628,0.025795256887466596
1993,26,14,1990,1990,248107628,0.005642712444133317
1993,27,3,1990,1990,248107628,0.0012091526665999966
1993,32,417,1990,1990,248107628,0.16807222065739955
1993,33,279,1990,1990,248107628,0.11245119799379968
1993,41,615,1990,1990,248107628,0.24787629665299932
1993,42,121,1990,1990,248107628,0.04876915755286653
1993,43,94,1990,1990,248107628,0.03788678355346656
1993,44,28,1990,1990,248107628,0.011285424888266634
1993,45,2,1990,1990,248107628,8.061017777333311e-4
1994,11,1015,1990,1990,248107628,0.40909665219966557
1994,12,2178,1990,1990,248107628,0.8778448359515976
1994,13,25,1990,1990,248107628,0.010076272221666639
1994,14,211,1990,1990,248107628,0.08504373755086643
1994,15,127,1990,1990,248107628,0.05118746288606653
1994,21,919,1990,1990,248107628,0.37040376686846566
1994,22,18,1990,1990,248107628,0.00725491599959998
1994,23,30,1990,1990,248107628,0.012091526665999967
1994,24,17,1990,1990,248107628,0.006851865110733314
1994,25,67,1990,1990,248107628,0.02700440955406659
1994,26,14,1990,1990,248107628,0.005642712444133317
1994,27,3,1990,1990,248107628,0.0012091526665999966
1994,32,340,1990,1990,248107628,0.13703730221466628
1994,33,303,1990,1990,248107628,0.12212441932659966
1994,41,501,1990,1990,248107628,0.20192849532219945
1994,42,100,1990,1990,248107628,0.040305088886666555
1994,43,64,1990,1990,248107628,0.025795256887466596
1994,44,14,1990,1990,248107628,0.005642712444133317
1994,45,7,1990,1990,248107628,0.0028213562220666586
1995,11,1229,1990,1990,248107628,0.49534954241713197
1995,12,2990,1990,1990,248107628,1.20512215771133
1995,13,41,1990,1990,248107628,0.016525086443533288
1995,14,355,1990,1990,248107628,0.14308306554766628
1995,15,221,1990,1990,248107628,0.08907424643953309
1995,21,1058,1990,1990,248107628,0.4264278404209321
1995,22,31,1990,1990,248107628,0.012494577554866632
1995,23,36,1990,1990,248107628,0.01450983199919996
1995,24,29,1990,1990,248107628,0.0116884757771333
1995,25,101,1990,1990,248107628,0.04070813977553322
1995,26,20,1990,1990,248107628,0.00806101777733331
1995,27,1,1990,1990,248107628,4.0305088886666556e-4
1995,32,516,1990,1990,248107628,0.20797425865519942
1995,33,298,1990,1990,248107628,0.12010916488226633
1995,41,736,1990,1990,248107628,0.29664545420586586
1995,42,146,1990,1990,248107628,0.05884542977453317
1995,43,103,1990,1990,248107628,0.04151424155326655
1995,44,17,1990,1990,248107628,0.006851865110733314
1995,45,18,1990,1990,248107628,0.00725491599959998
1996,11,1108,1990,1990,248107628,0.44658038486426543
1996,12,3675,1990,1990,248107628,1.4812120165849958
1996,13,51,1990,1990,248107628,0.02055559533219994
1996,14,356,1990,1990,248107628,0.14348611643653292
1996,15,211,1990,1990,248107628,0.08504373755086643
1996,21,1109,1990,1990,248107628,0.4469834357531321
1996,22,35,1990,1990,248107628,0.014106781110333295
1996,23,75,1990,1990,248107628,0.03022881666499992
1996,24,27,1990,1990,248107628,0.01088237399939997
1996,25,129,1990,1990,248107628,0.051993564663799854
1996,26,24,1990,1990,248107628,0.009673221332799973
1996,27,2,1990,1990,248107628,8.061017777333311e-4
1996,32,564,1990,1990,248107628,0.22732070132079937
1996,33,377,1990,1990,248107628,0.15195018510273292
1996,41,757,1990,1990,248107628,0.30510952287206583
1996,42,150,1990,1990,248107628,0.06045763332999984
1996,43,84,1990,1990,248107628,0.03385627466479991
1996,44,15,1990,1990,248107628,0.0060457633329999835
1996,45,10,1990,1990,248107628,0.004030508888666655
1997,11,993,1990,1990,248107628,0.40022953264459893
1997,12,3120,1990,1990,248107628,1.2575187732639965
1997,13,36,1990,1990,248107628,0.01450983199919996
1997,14,347,1990,1990,248107628,0.13985865843673295
1997,15,214,1990,1990,248107628,0.08625289021746642
1997,21,1088,1990,1990,248107628,0.4385193670869321
1997,22,31,1990,1990,248107628,0.012494577554866632
1997,23,53,1990,1990,248107628,0.021361697109933273
1997,24,28,1990,1990,248107628,0.011285424888266634
1997,25,159,1990,1990,248107628,0.06408509132979982
1997,26,24,1990,1990,248107628,0.009673221332799973
1997,27,3,1990,1990,248107628,0.0012091526665999966
1997,32,491,1990,1990,248107628,0.1978979864335328
1997,33,345,1990,1990,248107628,0.13905255665899963
1997,41,762,1990,1990,248107628,0.30712477731639914
1997,42,187,1990,1990,248107628,0.07537051621806645
1997,43,134,1990,1990,248107628,0.05400881910813318
1997,44,12,1990,1990,248107628,0.004836610666399986
1997,45,9,1990,1990,248107628,0.00362745799979999
1997,51,9,1990,1990,248107628,0.00362745799979999
1997,52,3,1990,1990,248107628,0.0012091526665999966
1998,11,792,1990,1990,248107628,0.3192163039823991
1998,12,2902,1990,1990,248107628,1.1696536794910635
1998,13,52,1990,1990,248107628,0.020958646221066607
1998,14,294,1990,1990,248107628,0.11849696132679967
1998,15,283,1990,1990,248107628,0.11406340154926635
1998,21,1080,1990,1990,248107628,0.4352949599759988
1998,22,61,1990,1990,248107628,0.0245861042208666
1998,23,59,1990,1990,248107628,0.023780002443133268
1998,24,21,1990,1990,248107628,0.008464068666199977
1998,25,125,1990,1990,248107628,0.050381361108333196
1998,26,41,1990,1990,248107628,0.016525086443533288
1998,27,2,1990,1990,248107628,8.061017777333311e-4
1998,32,482,1990,1990,248107628,0.1942705284337328
1998,33,272,1990,1990,248107628,0.10962984177173303
1998,41,851,1990,1990,248107628,0.34299630642553236
1998,42,223,1990,1990,248107628,0.08988034821726641
1998,43,157,1990,1990,248107628,0.06327898955206648
1998,44,12,1990,1990,248107628,0.004836610666399986
1998,45,17,1990,1990,248107628,0.006851865110733314
1998,51,13,1990,1990,248107628,0.005239661555266652
1998,52,12,1990,1990,248107628,0.004836610666399986
1999,11,781,1990,1990,248107628,0.3147827442048658
1999,12,2960,1990,1990,248107628,1.19303063104533
1999,13,47,1990,1990,248107628,0.01894339177673328
1999,14,298,1990,1990,248107628,0.12010916488226633
1999,15,212,1990,1990,248107628,0.08544678843973309
1999,21,1109,1990,1990,248107628,0.4469834357531321
1999,22,36,1990,1990,248107628,0.01450983199919996
1999,23,48,1990,1990,248107628,0.019346442665599945
1999,24,32,1990,1990,248107628,0.012897628443733298
1999,25,151,1990,1990,248107628,0.0608606842188665
1999,26,31,1990,1990,248107628,0.012494577554866632
1999,27,4,1990,1990,248107628,0.0016122035554666622
1999,32,466,1990,1990,248107628,0.18782171421186614
1999,33,363,1990,1990,248107628,0.1463074726585996
1999,41,916,1990,1990,248107628,0.3691946142018656
1999,42,187,1990,1990,248107628,0.07537051621806645
1999,43,178,1990,1990,248107628,0.07174305821826646
1999,44,14,1990,1990,248107628,0.005642712444133317
1999,45,23,1990,1990,248107628,0.009270170443933308
1999,51,10,1990,1990,248107628,0.004030508888666655
1999,52,9,1990,1990,248107628,0.00362745799979999
2000,11,877,2000,2000,281421906,0.31163174625076984
2000,12,2887,2000,2000,281421906,1.0258618602348604
2000,13,58,2000,2000,281421906,0.020609625179640424
2000,14,281,2000,2000,281421906,0.0998500806117062
2000,15,240,2000,2000,281421906,0.0852812076398914
2000,21,1110,2000,2000,281421906,0.39442558533449773
2000,22,56,2000,2000,281421906,0.019898948449307993
2000,23,59,2000,2000,281421906,0.020964963544806637
2000,24,28,2000,2000,281421906,0.009949474224653997
2000,25,172,2000,2000,281421906,0.06111819880858883
2000,26,44,2000,2000,281421906,0.015634888067313422
2000,27,4,2000,2000,281421906,0.0014213534606648567
2000,32,557,2000,2000,281421906,0.1979234693975813
2000,33,354,2000,2000,281421906,0.12578978126883983
2000,41,896,2000,2000,281421906,0.3183831751889279
2000,42,179,2000,2000,281421906,0.06360556736475234
2000,43,183,2000,2000,281421906,0.0650269208254172
2000,44,22,2000,2000,281421906,0.007817444033656711
2000,45,20,2000,2000,281421906,0.007106767303324283
2000,51,20,2000,2000,281421906,0.007106767303324283
2000,52,16,2000,2000,281421906,0.005685413842659427
2001,11,895,2000,2000,281421906,0.3180278368237617
2001,12,2900,2000,2000,281421906,1.0304812589820211
2001,13,80,2000,2000,281421906,0.028427069213297133
2001,14,280,2000,2000,281421906,0.09949474224653998
2001,15,218,2000,2000,281421906,0.07746376360623469
2001,21,1044,2000,2000,281421906,0.3709732532335276
2001,22,38,2000,2000,281421906,0.013502857876316138
2001,23,35,2000,2000,281421906,0.012436842780817498
2001,24,481,2000,2000,281421906,0.17091775364494902
2001,25,181,2000,2000,281421906,0.06431624409508477
2001,26,46,2000,2000,281421906,0.016345564797645852
2001,27,5,2000,2000,281421906,0.0017766918258310708
2001,32,597,2000,2000,281421906,0.21213700400422986
2001,33,1501,2000,2000,281421906,0.5333628861144875
2001,41,980,2000,2000,281421906,0.3482315978628899
2001,42,205,2000,2000,281421906,0.0728443648590739
2001,43,174,2000,2000,281421906,0.06182887553892127
2001,44,18,2000,2000,281421906,0.0063960905729918555
2001,45,17,2000,2000,281421906,0.006040752207825641
2001,51,12,2000,2000,281421906,0.00426406038199457
2001,52,23,2000,2000,281421906,0.008172782398822926
2002,11,719,2000,2000,281421906,0.255488284554508
2002,12,2487,2000,2000,281421906,0.8837265141683747
2002,13,62,2000,2000,281421906,0.022030978640305277
2002,14,217,2000,2000,281421906,0.07710842524106848
2002,15,158,2000,2000,281421906,0.05614346169626184
2002,21,931,2000,2000,281421906,0.3308200179697454
2002,22,53,2000,2000,281421906,0.018832933353809353
2002,23,55,2000,2000,281421906,0.01954361008414178
2002,24,155,2000,2000,281421906,0.0550774466007632
2002,25,198,2000,2000,281421906,0.07035699630291041
2002,26,31,2000,2000,281421906,0.011015489320152639
2002,27,3,2000,2000,281421906,0.0010660150954986424
2002,32,481,2000,2000,281421906,0.17091775364494902
2002,33,622,2000,2000,281421906,0.22102046313338522
2002,41,825,2000,2000,281421906,0.2931541512621267
2002,42,172,2000,2000,281421906,0.06111819880858883
2002,43,223,2000,2000,281421906,0.07924045543206576
2002,44,10,2000,2000,281421906,0.0035533836516621416
2002,45,15,2000,2000,281421906,0.005330075477493213
2002,51,20,2000,2000,281421906,0.007106767303324283
2002,52,25,2000,2000,281421906,0.008883459129155355
2003,11,830,2000,2000,281421906,0.2949308430879578
2003,12,2550,2000,2000,281421906,0.9061128311738462
2003,13,77,2000,2000,281421906,0.02736105411779849
2003,14,231,2000,2000,281421906,0.08208316235339547
2003,15,159,2000,2000,281421906,0.05649880006142805
2003,21,927,2000,2000,281421906,0.32939866450908056
2003,22,76,2000,2000,281421906,0.027005715752632276
2003,23,49,2000,2000,281421906,0.017411579893144496
2003,24,150,2000,2000,281421906,0.053300754774932124
2003,25,109,2000,2000,281421906,0.038731881803117346
2003,26,24,2000,2000,281421906,0.00852812076398914
2003,27,9,2000,2000,281421906,0.0031980452864959277
2003,32,426,2000,2000,281421906,0.15137414356080722
2003,33,600,2000,2000,281421906,0.2132030190997285
2003,41,783,2000,2000,281421906,0.2782299399251457
2003,42,187,2000,2000,281421906,0.06644827428608205
2003,43,247,2000,2000,281421906,0.0877685761960549
2003,44,14,2000,2000,281421906,0.004974737112326998
2003,45,8,2000,2000,281421906,0.0028427069213297134
2003,51,24,2000,2000,281421906,0.00852812076398914
2003,52,9,2000,2000,281421906,0.0031980452864959277
2004,11,830,2000,2000,281421906,0.2949308430879578
2004,12,2735,2000,2000,281421906,0.9718504287295957
2004,13,83,2000,2000,281421906,0.029493084308795776
2004,14,218,2000,2000,281421906,0.07746376360623469
2004,15,182,2000,2000,281421906,0.06467158246025098
2004,21,954,2000,2000,281421906,0.3389928003685683
2004,22,57,2000,2000,281421906,0.02025428681447421
2004,23,38,2000,2000,281421906,0.013502857876316138
2004,24,156,2000,2000,281421906,0.055432784965929405
2004,25,128,2000,2000,281421906,0.045483310741275415
2004,26,35,2000,2000,281421906,0.012436842780817498
2004,27,6,2000,2000,281421906,0.002132030190997285
2004,32,475,2000,2000,281421906,0.16878572345395174
2004,33,497,2000,2000,281421906,0.17660316748760846
2004,41,739,2000,2000,281421906,0.2625950518578323
2004,42,164,2000,2000,281421906,0.05827549188725912
2004,43,245,2000,2000,281421906,0.08705789946572247
2004,44,33,2000,2000,281421906,0.011726166050485067
2004,45,17,2000,2000,281421906,0.006040752207825641
2004,51,23,2000,2000,281421906,0.008172782398822926
2004,52,34,2000,2000,281421906,0.012081504415651282
2005,11,828,2000,2000,281421906,0.2942201663576253
2005,12,2631,2000,2000,281421906,0.9348952387523094
2005,13,79,2000,2000,281421906,0.02807173084813092
2005,14,199,2000,2000,281421906,0.07071233466807661
2005,15,183,2000,2000,281421906,0.0650269208254172
2005,21,849,2000,2000,281421906,0.30168227202611586
2005,22,58,2000,2000,281421906,0.020609625179640424
2005,23,57,2000,2000,281421906,0.02025428681447421
2005,24,128,2000,2000,281421906,0.045483310741275415
2005,25,93,2000,2000,281421906,0.03304646796045792
2005,26,39,2000,2000,281421906,0.013858196241482351
2005,27,4,2000,2000,281421906,0.0014213534606648567
2005,32,522,2000,2000,281421906,0.1854866266167638
2005,33,422,2000,2000,281421906,0.14995279010014237
2005,41,622,2000,2000,281421906,0.22102046313338522
2005,42,155,2000,2000,281421906,0.0550774466007632
2005,43,195,2000,2000,281421906,0.06929098120741177
2005,44,21,2000,2000,281421906,0.0074621056684904975
2005,45,25,2000,2000,281421906,0.008883459129155355
2005,51,21,2000,2000,281421906,0.0074621056684904975
2005,52,32,2000,2000,281421906,0.011370827685318854
2006,11,891,2000,2000,281421906,0.3166064833630968
2006,12,2641,2000,2000,281421906,0.9384486224039716
2006,13,60,2000,2000,281421906,0.02132030190997285
2006,14,183,2000,2000,281421906,0.0650269208254172
2006,15,229,2000,2000,281421906,0.08137248562306304
2006,21,968,2000,2000,281421906,0.34396753748089537
2006,22,76,2000,2000,281421906,0.027005715752632276
2006,23,59,2000,2000,281421906,0.020964963544806637
2006,24,156,2000,2000,281421906,0.055432784965929405
2006,25,124,2000,2000,281421906,0.044061957280610554
2006,26,74,2000,2000,281421906,0.026295039022299845
2006,27,7,2000,2000,281421906,0.002487368556163499
2006,32,576,2000,2000,281421906,0.20467489833573937
2006,33,408,2000,2000,281421906,0.14497805298781538
2006,41,747,2000,2000,281421906,0.265437758779162
2006,42,163,2000,2000,281421906,0.05792015352209291
2006,43,238,2000,2000,281421906,0.08457053090955897
2006,44,26,2000,2000,281421906,0.009238797494321568
2006,45,21,2000,2000,281421906,0.0074621056684904975
2006,51,17,2000,2000,281421906,0.006040752207825641
2006,52,62,2000,2000,281421906,0.022030978640305277
2007,11,750,2000,2000,281421906,0.2665037738746606
2007,12,2659,2000,2000,281421906,0.9448447129769635
2007,13,61,2000,2000,281421906,0.021675640275139067
2007,14,188,2000,2000,281421906,0.06680361265124826
2007,15,214,2000,2000,281421906,0.07604241014556984
2007,21,970,2000,2000,281421906,0.34467821421122774
2007,22,61,2000,2000,281421906,0.021675640275139067
2007,23,57,2000,2000,281421906,0.02025428681447421
2007,24,115,2000,2000,281421906,0.040863911994114634
2007,25,130,2000,2000,281421906,0.04619398747160784
2007,26,62,2000,2000,281421906,0.022030978640305277
2007,27,6,2000,2000,281421906,0.002132030190997285
2007,32,595,2000,2000,281421906,0.21142632727389743
2007,33,412,2000,2000,281421906,0.14639940644848023
2007,41,772,2000,2000,281421906,0.27432121790831737
2007,42,145,2000,2000,281421906,0.05152406294910106
2007,43,304,2000,2000,281421906,0.1080228630105291
2007,44,22,2000,2000,281421906,0.007817444033656711
2007,45,22,2000,2000,281421906,0.007817444033656711
2007,51,20,2000,2000,281421906,0.007106767303324283
2007,52,59,2000,2000,281421906,0.020964963544806637
2008,11,717,2000,2000,281421906,0.2547776078241756
2008,12,2877,2000,2000,281421906,1.0223084765831982
2008,13,54,2000,2000,281421906,0.019188271718975566
2008,14,137,2000,2000,281421906,0.04868135602777134
2008,15,209,2000,2000,281421906,0.07426571831973876
2008,21,1013,2000,2000,281421906,0.359957763913375
2008,22,75,2000,2000,281421906,0.026650377387466062
2008,23,56,2000,2000,281421906,0.019898948449307993
2008,24,105,2000,2000,281421906,0.03731052834245249
2008,25,191,2000,2000,281421906,0.06786962774674692
2008,26,65,2000,2000,281421906,0.02309699373580392
2008,27,14,2000,2000,281421906,0.004974737112326998
2008,32,561,2000,2000,281421906,0.19934482285824617
2008,33,333,2000,2000,281421906,0.11832767560034933
2008,41,776,2000,2000,281421906,0.2757425713689822
2008,42,154,2000,2000,281421906,0.05472210823559698
2008,43,308,2000,2000,281421906,0.10944421647119396
2008,44,33,2000,2000,281421906,0.011726166050485067
2008,45,27,2000,2000,281421906,0.009594135859487783
2008,51,22,2000,2000,281421906,0.007817444033656711
2008,52,56,2000,2000,281421906,0.019898948449307993
2009,11,539,2000,2000,281421906,0.19152737882458945
2009,12,2297,2000,2000,281421906,0.816212224786794
2009,13,68,2000,2000,281421906,0.024163008831302565
2009,14,128,2000,2000,281421906,0.045483310741275415
2009,15,180,2000,2000,281421906,0.06396090572991855
2009,21,932,2000,2000,281421906,0.33117535633491163
2009,22,52,2000,2000,281421906,0.018477594988643136
2009,23,38,2000,2000,281421906,0.013502857876316138
2009,24,107,2000,2000,281421906,0.03802120507278492
2009,25,111,2000,2000,281421906,0.03944255853344977
2009,26,48,2000,2000,281421906,0.01705624152797828
2009,27,10,2000,2000,281421906,0.0035533836516621416
2009,32,486,2000,2000,281421906,0.17269444547078008
2009,33,294,2000,2000,281421906,0.10446947935886697
2009,41,687,2000,2000,281421906,0.24411745686918912
2009,42,186,2000,2000,281421906,0.06609293592091584
2009,43,310,2000,2000,281421906,0.1101548932015264
2009,44,21,2000,2000,281421906,0.0074621056684904975
2009,45,24,2000,2000,281421906,0.00852812076398914
2009,51,24,2000,2000,281421906,0.00852812076398914
2009,52,70,2000,2000,281421906,0.024873685561634995
2010,11,575,2010,2010,309349689,0.18587379281315522
2010,12,2201,2010,2010,309349689,0.7114925530117472
2010,13,44,2010,2010,309349689,0.014223385884832747
2010,14,151,2010,2010,309349689,0.04881207428658511
2010,15,165,2010,2010,309349689,0.0533376970681228
2010,21,887,2010,2010,309349689,0.2867305290874238
2010,22,58,2010,2010,309349689,0.01874900866637044
2010,23,41,2010,2010,309349689,0.013253609574503241
2010,24,160,2010,2010,309349689,0.051721403217573625
2010,25,124,2010,2010,309349689,0.04008408749361956
2010,26,48,2010,2010,309349689,0.015516420965272087
2010,27,5,2010,2010,309349689,0.0016162938505491758
2010,32,534,2010,2010,309349689,0.17262018323865197
2010,33,314,2010,2010,309349689,0.10150325381448823
2010,41,740,2010,2010,309349689,0.23921148988127802
2010,42,144,2010,2010,309349689,0.04654926289581626
2010,43,347,2010,2010,309349689,0.11217079322811278
2010,44,21,2010,2010,309349689,0.006788434172306538
2010,45,26,2010,2010,309349689,0.008404728022855714
2010,51,19,2010,2010,309349689,0.006141916632086868
2010,52,24,2010,2010,309349689,0.007758210482636044
2011,11,504,2010,2010,309349689,0.1629224201353569
2011,12,2076,2010,2010,309349689,0.6710852067480177
2011,13,61,2010,2010,309349689,0.019718784976699943
2011,14,138,2010,2010,309349689,0.044609710275157255
2011,15,138,2010,2010,309349689,0.044609710275157255
2011,21,772,2010,2010,309349689,0.24955577052479275
2011,22,67,2010,2010,309349689,0.021658337597358957
2011,23,44,2010,2010,309349689,0.014223385884832747
2011,24,157,2010,2010,309349689,0.050751626907244114
2011,25,130,2010,2010,309349689,0.04202364011427857
2011,26,60,2010,2010,309349689,0.01939552620659011
2011,27,4,2010,2010,309349689,0.0012930350804393406
2011,32,405,2010,2010,309349689,0.13091980189448324
2011,33,316,2010,2010,309349689,0.1021497713547079
2011,41,762,2010,2010,309349689,0.24632318282369436
2011,42,137,2010,2010,309349689,0.04428645150504742
2011,43,360,2010,2010,309349689,0.11637315723954066
2011,44,16,2010,2010,309349689,0.0051721403217573625
2011,45,22,2010,2010,309349689,0.007111692942416373
2011,51,19,2010,2010,309349689,0.006141916632086868
2011,52,34,2010,2010,309349689,0.010990798183734395
2012,11,686,2010,2010,309349689,0.22175551629534693
2012,12,2060,2010,2010,309349689,0.6659130664262605
2012,13,105,2010,2010,309349689,0.03394217086153269
2012,14,144,2010,2010,309349689,0.04654926289581626
2012,15,123,2010,2010,309349689,0.03976082872350972
2012,21,868,2010,2010,309349689,0.2805886124553369
2012,22,75,2010,2010,309349689,0.024244407758237635
2012,23,38,2010,2010,309349689,0.012283833264173736
2012,24,148,2010,2010,309349689,0.047842297976255596
2012,25,101,2010,2010,309349689,0.03264913578109335
2012,26,76,2010,2010,309349689,0.024567666528347472
2012,27,13,2010,2010,309349689,0.004202364011427857
2012,32,429,2010,2010,309349689,0.13867801237711927
2012,33,312,2010,2010,309349689,0.10085673627426857
2012,41,727,2010,2010,309349689,0.23500912586985015
2012,42,171,2010,2010,309349689,0.05527724968878181
2012,43,337,2010,2010,309349689,0.10893820552701446
2012,44,26,2010,2010,309349689,0.008404728022855714
2012,45,38,2010,2010,309349689,0.012283833264173736
2012,51,21,2010,2010,309349689,0.006788434172306538
2012,52,89,2010,2010,309349689,0.028770030539775327
2012,62,2,2010,2010,309349689,6.465175402196703e-4
2012,72,4,2010,2010,309349689,0.0012930350804393406
2013,11,650,2010,2010,309349689,0.21011820057139285
2013,12,1853,2010,2010,309349689,0.5989985010135246
2013,13,129,2010,2010,309349689,0.04170038134416874
2013,14,135,2010,2010,309349689,0.043639933964827744
2013,15,95,2010,2010,309349689,0.03070958316043434
2013,16,3,2010,2010,309349689,9.697763103295055e-4
2013,21,625,2010,2010,309349689,0.20203673131864697
2013,22,69,2010,2010,309349689,0.022304855137578627
2013,23,34,2010,2010,309349689,0.010990798183734395
2013,24,136,2010,2010,309349689,0.04396319273493758
2013,25,117,2010,2010,309349689,0.03782127610285071
2013,26,41,2010,2010,309349689,0.013253609574503241
2013,27,7,2010,2010,309349689,0.002262811390768846
2013,32,328,2010,2010,309349689,0.10602887659602593
2013,33,324,2010,2010,309349689,0.10473584151558658
2013,41,753,2010,2010,309349689,0.2434138538927059
2013,42,159,2010,2010,309349689,0.05139814444746379
2013,43,277,2010,2010,309349689,0.08954267932042434
2013,44,21,2010,2010,309349689,0.006788434172306538
2013,45,26,2010,2010,309349689,0.008404728022855714
2013,51,22,2010,2010,309349689,0.007111692942416373
2013,52,61,2010,2010,309349689,0.019718784976699943
2013,61,5,2010,2010,309349689,0.0016162938505491758
2013,62,13,2010,2010,309349689,0.004202364011427857
2013,71,23,2010,2010,309349689,0.007434951712526209
2013,72,8,2010,2010,309349689,0.0025860701608786812
2014,11,595,2010,2010,309349689,0.19233896821535193
2014,12,1630,2010,2010,309349689,0.5269117952790313
2014,13,130,2010,2010,309349689,0.04202364011427857
2014,14,140,2010,2010,309349689,0.04525622781537692
2014,15,82,2010,2010,309349689,0.026507219149006483
2014,16,3,2010,2010,309349689,9.697763103295055e-4
2014,21,609,2010,2010,309349689,0.1968645909968896
2014,22,64,2010,2010,309349689,0.02068856128702945
2014,23,25,2010,2010,309349689,0.008081469252745879
2014,24,154,2010,2010,309349689,0.04978185059691461
2014,25,108,2010,2010,309349689,0.0349119471718622
2014,26,46,2010,2010,309349689,0.014869903425052417
2014,27,11,2010,2010,309349689,0.0035558464712081867
2014,32,305,2010,2010,309349689,0.09859392488349973
2014,33,343,2010,2010,309349689,0.11087775814767346
2014,41,600,2010,2010,309349689,0.19395526206590108
2014,42,129,2010,2010,309349689,0.04170038134416874
2014,43,241,2010,2010,309349689,0.07790536359647027
2014,44,18,2010,2010,309349689,0.005818657861977033
2014,45,30,2010,2010,309349689,0.009697763103295055
2014,51,24,2010,2010,309349689,0.007758210482636044
2014,52,61,2010,2010,309349689,0.019718784976699943
2014,61,10,2010,2010,309349689,0.0032325877010983516
2014,62,23,2010,2010,309349689,0.007434951712526209
2014,71,58,2010,2010,309349689,0.01874900866637044
2014,72,40,2010,2010,309349689,0.012930350804393406
2015,11,613,2010,2010,309349689,0.19815762607732895
2015,12,1760,2010,2010,309349689,0.5689354353933098
2015,13,131,2010,2010,309349689,0.042346898884388404
2015,14,114,2010,2010,309349689,0.036851499792521204
2015,15,113,2010,2010,309349689,0.03652824102241137
2015,16,4,2010,2010,309349689,0.0012930350804393406
2015,21,666,2010,2010,309349689,0.21529034089315022
2015,22,53,2010,2010,309349689,0.017132714815821265
2015,23,37,2010,2010,309349689,0.011960574494063899
2015,24,258,2010,2010,309349689,0.08340076268833747
2015,25,96,2010,2010,309349689,0.031032841930544175
2015,26,51,2010,2010,309349689,0.016486197275601595
2015,27,3,2010,2010,309349689,9.697763103295055e-4
2015,28,8,2010,2010,309349689,0.0025860701608786812
2015,29,1,2010,2010,309349689,3.2325877010983516e-4
2015,31,39,2010,2010,309349689,0.012607092034283571
2015,32,299,2010,2010,309349689,0.09665437226284071
2015,33,257,2010,2010,309349689,0.08307750391822763
2015,41,668,2010,2010,309349689,0.21593685843336988
2015,42,137,2010,2010,309349689,0.04428645150504742
2015,43,204,2010,2010,309349689,0.06594478910240638
2015,44,19,2010,2010,309349689,0.006141916632086868
2015,45,31,2010,2010,309349689,0.01002102187340489
2015,51,44,2010,2010,309349689,0.014223385884832747
2015,52,31,2010,2010,309349689,0.01002102187340489
2015,61,7,2010,2010,309349689,0.002262811390768846
2015,62,17,2010,2010,309349689,0.005495399091867198
2015,71,73,2010,2010,309349689,0.023597890218017968
2015,72,41,2010,2010,309349689,0.013253609574503241
2015,81,48,2010,2010,309349689,0.015516420965272087
2015,82,15,2010,2010,309349689,0.004848881551647527
2015,83,1,2010,2010,309349689,3.2325877010983516e-4
2015,84,5,2010,2010,309349689,0.0016162938505491758
2015,85,6,2010,2010,309349689,0.001939552620659011
2016,11,746,2010,2010,309349689,0.241151042501937
2016,12,1789,2010,2010,309349689,0.5783099397264951
2016,13,158,2010,2010,309349689,0.05107488567735395
2016,14,114,2010,2010,309349689,0.036851499792521204
2016,15,142,2010,2010,309349689,0.045902745355596596
2016,16,9,2010,2010,309349689,0.0029093289309885164
2016,21,695,2010,2010,309349689,0.22466484522633542
2016,22,62,2010,2010,309349689,0.02004204374680978
2016,23,16,2010,2010,309349689,0.0051721403217573625
2016,24,308,2010,2010,309349689,0.09956370119382922
2016,25,79,2010,2010,309349689,0.025537442838676976
2016,26,34,2010,2010,309349689,0.010990798183734395
2016,27,5,2010,2010,309349689,0.0016162938505491758
2016,28,7,2010,2010,309349689,0.002262811390768846
2016,29,2,2010,2010,309349689,6.465175402196703e-4
2016,31,56,2010,2010,309349689,0.01810249112615077
2016,32,351,2010,2010,309349689,0.11346382830855213
2016,33,228,2010,2010,309349689,0.07370299958504241
2016,41,699,2010,2010,309349689,0.22595788030677477
2016,42,131,2010,2010,309349689,0.042346898884388404
2016,43,248,2010,2010,309349689,0.08016817498723912
2016,44,20,2010,2010,309349689,0.006465175402196703
2016,45,23,2010,2010,309349689,0.007434951712526209
2016,51,42,2010,2010,309349689,0.013576868344613077
2016,52,59,2010,2010,309349689,0.019072267436480272
2016,61,7,2010,2010,309349689,0.002262811390768846
2016,62,22,2010,2010,309349689,0.007111692942416373
2016,71,106,2010,2010,309349689,0.03426542963164253
2016,72,20,2010,2010,309349689,0.006465175402196703
2016,81,32,2010,2010,309349689,0.010344280643514725
2016,82,36,2010,2010,309349689,0.011637315723954066
2016,83,1,2010,2010,309349689,3.2325877010983516e-4
2016,84,11,2010,2010,309349689,0.0035558464712081867
2016,85,10,2010,2010,309349689,0.0032325877010983516
2017,11,710,2010,2010,309349689,0.22951372677798293
2017,12,2061,2010,2010,309349689,0.6662363251963702
2017,13,244,2010,2010,309349689,0.07887513990679977
2017,14,131,2010,2010,309349689,0.042346898884388404
2017,15,190,2010,2010,309349689,0.06141916632086868
2017,16,14,2010,2010,309349689,0.004525622781537692
2017,21,977,2010,2010,309349689,0.31582381839730894
2017,22,70,2010,2010,309349689,0.02262811390768846
2017,23,42,2010,2010,309349689,0.013576868344613077
2017,24,284,2010,2010,309349689,0.09180549071119319
2017,25,85,2010,2010,309349689,0.027476995459335986
2017,26,51,2010,2010,309349689,0.016486197275601595
2017,27,6,2010,2010,309349689,0.001939552620659011
2017,28,12,2010,2010,309349689,0.003879105241318022
2017,29,7,2010,2010,309349689,0.002262811390768846
2017,31,105,2010,2010,309349689,0.03394217086153269
2017,32,442,2010,2010,309349689,0.14288037638854711
2017,33,278,2010,2010,309349689,0.08986593809053417
2017,41,685,2010,2010,309349689,0.2214322575252371
2017,42,133,2010,2010,309349689,0.04299341642460808
2017,43,287,2010,2010,309349689,0.0927752670215227
2017,44,33,2010,2010,309349689,0.01066753941362456
2017,45,24,2010,2010,309349689,0.007758210482636044
2017,51,66,2010,2010,309349689,0.02133507882724912
2017,52,89,2010,2010,309349689,0.028770030539775327
2017,61,25,2010,2010,309349689,0.008081469252745879
2017,62,47,2010,2010,309349689,0.015193162195162252
2017,71,117,2010,2010,309349689,0.03782127610285071
2017,72,13,2010,2010,309349689,0.004202364011427857
2017,81,22,2010,2010,309349689,0.007111692942416373
2017,82,24,2010,2010,309349689,0.007758210482636044
2017,83,15,2010,2010,309349689,0.004848881551647527
2017,84,10,2010,2010,309349689,0.0032325877010983516
2017,85,18,2010,2010,309349689,0.005818657861977033
2018,11,806,2010,2010,309349689,0.2605465687085271
2018,12,1954,2010,2010,309349689,0.6316476367946179
2018,13,191,2010,2010,309349689,0.06174242509097851
2018,14,150,2010,2010,309349689,0.04848881551647527
2018,15,136,2010,2010,309349689,0.04396319273493758
2018,16,14,2010,2010,309349689,0.004525622781537692
2018,21,872,2010,2010,309349689,0.2818816475357762
2018,22,52,2010,2010,309349689,0.016809456045711428
2018,23,34,2010,2010,309349689,0.010990798183734395
2018,24,193,2010,2010,309349689,0.06238894263119819
2018,25,91,2010,2010,309349689,0.029416548079995
2018,26,53,2010,2010,309349689,0.017132714815821265
2018,27,3,2010,2010,309349689,9.697763103295055e-4
2018,28,8,2010,2010,309349689,0.0025860701608786812
2018,29,10,2010,2010,309349689,0.0032325877010983516
2018,31,84,2010,2010,309349689,0.027153736689226153
2018,32,500,2010,2010,309349689,0.16162938505491758
2018,33,271,2010,2010,309349689,0.08760312669976533
2018,41,753,2010,2010,309349689,0.2434138538927059
2018,42,133,2010,2010,309349689,0.04299341642460808
2018,43,310,2010,2010,309349689,0.1002102187340489
2018,44,19,2010,2010,309349689,0.006141916632086868
2018,45,20,2010,2010,309349689,0.006465175402196703
2018,51,61,2010,2010,309349689,0.019718784976699943
2018,52,105,2010,2010,309349689,0.03394217086153269
2018,61,25,2010,2010,309349689,0.008081469252745879
2018,62,38,2010,2010,309349689,0.012283833264173736
2018,71,147,2010,2010,309349689,0.047519039206145766
2018,72,27,2010,2010,309349689,0.00872798679296555
2018,81,32,2010,2010,309349689,0.010344280643514725
2018,82,52,2010,2010,309349689,0.016809456045711428
2018,83,9,2010,2010,309349689,0.0029093289309885164
2018,84,14,2010,2010,309349689,0.004525622781537692
2018,85,47,2010,2010,309349689,0.015193162195162252
2018,99,1,2010,2010,309349689,3.2325877010983516e-4
2019,11,727,2010,2010,309349689,0.23500912586985015
2019,12,2168,2010,2010,309349689,0.7008250135981227
2019,13,132,2010,2010,309349689,0.04267015765449824
2019,14,188,2010,2010,309349689,0.06077264878064901
2019,15,143,2010,2010,309349689,0.046226004125706426
2019,16,28,2010,2010,309349689,0.009051245563075384
2019,21,1102,2010,2010,309349689,0.3562311646610383
2019,22,72,2010,2010,309349689,0.02327463144790813
2019,23,27,2010,2010,309349689,0.00872798679296555
2019,24,193,2010,2010,309349689,0.06238894263119819
2019,25,91,2010,2010,309349689,0.029416548079995
2019,26,45,2010,2010,309349689,0.014546644654942582
2019,27,7,2010,2010,309349689,0.002262811390768846
2019,28,13,2010,2010,309349689,0.004202364011427857
2019,29,7,2010,2010,309349689,0.002262811390768846
2019,31,119,2010,2010,309349689,0.03846779364307038
2019,32,570,2010,2010,309349689,0.18425749896260604
2019,33,373,2010,2010,309349689,0.1205755212509685
2019,41,819,2010,2010,309349689,0.264748932719955
2019,42,130,2010,2010,309349689,0.04202364011427857
2019,43,325,2010,2010,309349689,0.10505910028569643
2019,44,21,2010,2010,309349689,0.006788434172306538
2019,45,30,2010,2010,309349689,0.009697763103295055
2019,51,56,2010,2010,309349689,0.01810249112615077
2019,52,116,2010,2010,309349689,0.03749801733274088
2019,61,24,2010,2010,309349689,0.007758210482636044
2019,62,68,2010,2010,309349689,0.02198159636746879
2019,71,168,2010,2010,309349689,0.054307473378452306
2019,72,69,2010,2010,309349689,0.022304855137578627
2019,81,48,2010,2010,309349689,0.015516420965272087
2019,82,62,2010,2010,309349689,0.02004204374680978
2019,83,7,2010,2010,309349689,0.002262811390768846
2019,84,10,2010,2010,309349689,0.0032325877010983516
2019,85,70,2010,2010,309349689,0.02262811390768846
